{
  "project_info": {
    "project_number": "771144439865",
    "project_id": "patternpuzzle-464c8",
    "storage_bucket": "patternpuzzle-464c8.appspot.com"
  },
  "client": [
    {
      "client_info": {
        "mobilesdk_app_id": "1:771144439865:android:38cff8446fd5b53583d5e8",
        "android_client_info": {
          "package_name": "com.FureliDesign.SteffenFurelisPatternPuzzle"
        }
      },
      "oauth_client": [
        {
          "client_id": "771144439865-fded1jeomtilb335tf7basu3tipadojk.apps.googleusercontent.com",
          "client_type": 3
        }
      ],
      "api_key": [
        {
          "current_key": "AIzaSyBPGCHVPI9oqVZQfDijwFi1jhhwwExHItU"
        }
      ],
      "services": {
        "appinvite_service": {
          "other_platform_oauth_client": [
            {
              "client_id": "771144439865-fded1jeomtilb335tf7basu3tipadojk.apps.googleusercontent.com",
              "client_type": 3
            }
          ]
        }
      }
    }
  ],
  "configuration_version": "1"
}